Property Address,Property State,Property City,Property Zipcode
188 Charter Avenue,TN,Memphis,
955 Old Scout Court,SC,Gaston,
320 Crossfield Rd,SC,Gaston,
566 BOSTON STREET,TN,MEMPHIS,
3775 Station Way,TN,Memphis,
2224 Willowwood Avenue,TN,Memphis,
4926 Sayers Street,TX,Houston,
107 West Main Street,OH,Salineville,
1723 Laketon Road,PA,Pittsburgh (Wilkinsburg),
259 Seneca Street,PA,TURTLE CREEK,
1213 Sherman Street,PA,Pittsburgh,
3375 East 70th Street,OH,Cleveland,
3400 Library Ave,OH,Cleveland,
124 E Norman Avenue,OH,Dayton,
7507 Colegate Avenue,OH,Cleveland,
7507 Colegate Avenue,OH,Cleveland,
7507 Colegate Avenue,OH,Cleveland,
7507 Colegate Avenue,OH,Cleveland,
7507 Colegate Avenue,OH,Cleveland,
7507 Colegate Avenue,OH,Cleveland,
7507 Colegate Avenue,OH,Cleveland,
7507 Colegate Avenue,OH,Cleveland,
7507 Colegate Avenue,OH,Cleveland,
7507 Colegate Avenue,OH,Cleveland,
7507 Colegate Avenue,OH,Cleveland,
7507 Colegate Avenue,OH,Cleveland,
7507 Colegate Avenue,OH,Cleveland,
7507 Colegate Avenue,OH,Cleveland,
7507 Colegate Avenue,OH,Cleveland,
7507 Colegate Avenue,OH,Cleveland,
7507 Colegate Avenue,OH,Cleveland,
7507 Colegate Avenue,OH,Cleveland,
7507 Colegate Avenue,OH,Cleveland,
7507 Colegate Avenue,OH,Cleveland,
7507 Colegate Avenue,OH,Cleveland,
7507 Colegate Avenue,OH,Cleveland,
7507 Colegate Avenue,OH,Cleveland,
7507 Colegate Avenue,OH,Cleveland,
7507 Colegate Avenue,OH,Cleveland,
7507 Colegate Avenue,OH,Cleveland,
7507 Colegate Avenue,OH,Cleveland,
7507 Colegate Avenue,OH,Cleveland,
7507 Colegate Avenue,OH,Cleveland,
7507 Colegate Avenue,OH,Cleveland,
7507 Colegate Avenue,OH,Cleveland,
7507 Colegate Avenue,OH,Cleveland,
7507 Colegate Avenue,OH,Cleveland,
7507 Colegate Avenue,OH,Cleveland,
7507 Colegate Avenue,OH,Cleveland,
188 Charter Avenue,TN,Memphis,
955 Old Scout Court,SC,Gaston,
320 Crossfield Rd,SC,Gaston,
566 BOSTON STREET,TN,MEMPHIS,
3775 Station Way,TN,Memphis,
2224 Willowwood Avenue,TN,Memphis,
4926 Sayers Street,TX,Houston,
107 West Main Street,OH,Salineville,
1723 Laketon Road,PA,Pittsburgh (Wilkinsburg),
259 Seneca Street,PA,TURTLE CREEK,
1213 Sherman Street,PA,Pittsburgh,
3375 East 70th Street,OH,Cleveland,
3400 Library Ave,OH,Cleveland,
124 E Norman Avenue,OH,Dayton,
7507 Colegate Avenue,OH,Cleveland,
7507 Colegate Avenue,OH,Cleveland,
7507 Colegate Avenue,OH,Cleveland,
7507 Colegate Avenue,OH,Cleveland,
7507 Colegate Avenue,OH,Cleveland,
7507 Colegate Avenue,OH,Cleveland,
7507 Colegate Avenue,OH,Cleveland,
7507 Colegate Avenue,OH,Cleveland,
7507 Colegate Avenue,OH,Cleveland,
7507 Colegate Avenue,OH,Cleveland,
7507 Colegate Avenue,OH,Cleveland,
7507 Colegate Avenue,OH,Cleveland,
7507 Colegate Avenue,OH,Cleveland,
7507 Colegate Avenue,OH,Cleveland,
7507 Colegate Avenue,OH,Cleveland,
7507 Colegate Avenue,OH,Cleveland,
7507 Colegate Avenue,OH,Cleveland,
7507 Colegate Avenue,OH,Cleveland,
7507 Colegate Avenue,OH,Cleveland,
7507 Colegate Avenue,OH,Cleveland,
7507 Colegate Avenue,OH,Cleveland,
7507 Colegate Avenue,OH,Cleveland,
7507 Colegate Avenue,OH,Cleveland,
7507 Colegate Avenue,OH,Cleveland,
7507 Colegate Avenue,OH,Cleveland,
7507 Colegate Avenue,OH,Cleveland,
7507 Colegate Avenue,OH,Cleveland,
7507 Colegate Avenue,OH,Cleveland,
7507 Colegate Avenue,OH,Cleveland,
7507 Colegate Avenue,OH,Cleveland,
7507 Colegate Avenue,OH,Cleveland,
7507 Colegate Avenue,OH,Cleveland,
7507 Colegate Avenue,OH,Cleveland,
7507 Colegate Avenue,OH,Cleveland,
7507 Colegate Avenue,OH,Cleveland,
